r,sign,s_min,s_max,waves,points,raw_bias,centered_covariance,normalized_rms
1,liouville,1025,2048,1024,1570304,0.00027255868927290514,-0.0001303007616231997,1.3099639190822079
1,liouville,2049,4096,2048,6286336,9.735400716729108e-05,-6.279091063473898e-05,1.3619033094424526
1,liouville,4097,8192,4096,25155584,4.150171985671253e-05,-5.237029582539313e-05,1.3957004227512335
1,liouville,8193,16384,8192,100642816,8.223140338203573e-05,3.903519383069669e-05,1.3942732889505542
1,liouville,16385,32768,16384,402612224,2.204602709727959e-05,1.3261004241770739e-06,1.4016999507890322
1,liouville,32769,65536,32768,1610530816,1.3468851253573282e-05,4.360197921736352e-07,1.4081146995328353
1,liouville,65537,131072,65536,6442287104,2.1899055059561655e-06,-2.2450809546242743e-06,1.405190408168243
1,odd_part,1025,2048,1024,1570304,0.006047236713400717,-0.0012140297547855896,1.6407577040792969
1,odd_part,2049,4096,2048,6286336,0.003380029320736276,-0.0005882541880311836,1.5504628204552124
1,odd_part,4097,8192,4096,25155584,0.0017414821297728569,-0.000386107949094784,1.4876428889579574
1,odd_part,8193,16384,8192,100642816,0.0009490195504863457,-0.0001783326615736235,1.4490328402485084
1,odd_part,16385,32768,16384,402612224,0.00045051786604472297,-0.00012317898012104608,1.4155142190653511
1,odd_part,32769,65536,32768,1610530816,0.00024897133045605755,-5.349676484224123e-05,1.4034094346409076
1,odd_part,65537,131072,65536,6442287104,0.00011732230926664395,-3.3761823756586826e-05,1.4024027837362578
2,liouville,1025,2048,1024,784384,0.00037481641644908614,3.3808430878687657e-06,1.187518214196283
2,liouville,2049,4096,2048,3141632,0.0002088086701434159,1.9414683271567903e-05,1.1673891684795004
2,liouville,4097,8192,4096,12574720,0.00010370012214983713,1.1371622241179298e-05,1.2023175230143175
2,liouville,8193,16384,8192,50315264,1.1487567669325953e-05,-3.7624555367669636e-05,1.211669979438347
2,liouville,16385,32768,16384,201293824,-1.0045017575899398e-05,-3.1826567465431676e-05,1.2131744905130508
2,liouville,32769,65536,32768,805240832,8.352780600177017e-06,-3.6608372702125774e-06,1.2165972468585533
2,liouville,65537,131072,65536,3221094400,3.488876327250763e-06,-2.0056493000182637e-06,1.2185578134371862
2,odd_part,1025,2048,1024,784384,0.008355601338120104,-0.0012865991056019274,1.4632109365612798
2,odd_part,2049,4096,2048,3141632,0.004545408246414602,-0.0008164432168790823,1.3881273817030373
2,odd_part,4097,8192,4096,12574720,0.0024172307614006515,-0.0004865701871664473,1.3234534200618286
2,odd_part,8193,16384,8192,50315264,0.0012835468775439596,-0.0002635040686225531,1.278203644913959
2,odd_part,16385,32768,16384,201293824,0.0006557478882213495,-0.00014770499463899673,1.2439471054449485
2,odd_part,32769,65536,32768,805240832,0.0003343869179251953,-8.173733422015591e-05,1.2218101112599065
2,odd_part,65537,131072,65536,3221094400,0.00017060474849790182,-4.305912454234768e-05,1.2160948505320384
3,liouville,1025,2048,1024,522411,0.00033498528936029293,-0.00013017678889290556,1.0937908932920364
3,liouville,2049,4096,2048,2093397,6.544386946193197e-05,-0.0001661145104696581,1.1440002460198786
3,liouville,4097,8192,4096,8381099,2.159621309806745e-05,-9.514621541909267e-05,1.1180510135715553
3,liouville,8193,16384,8192,33539413,3.6076958174551237e-06,-5.337494362141243e-05,1.1352228710039298
3,liouville,16385,32768,16384,134187691,1.0008369545609067e-05,-1.8250035564256834e-05,1.1378974716885255
3,liouville,32769,65536,32768,536810837,2.1242119596031924e-05,7.518178656052328e-06,1.1497797895992399
3,liouville,65537,131072,65536,2147363499,3.1131198807808365e-06,-4.060213176506585e-06,1.1469411415679132
3,odd_part,1025,2048,1024,522411,0.010051472882462276,-0.0012700346208016494,1.3977434690557724
3,odd_part,2049,4096,2048,2093397,0.005526424275949569,-0.000840370400786592,1.3505884705556472
3,odd_part,4097,8192,4096,8381099,0.002892580078101929,-0.0005761846596710187,1.2813133777914576
3,odd_part,8193,16384,8192,33539413,0.0015500271277854505,-0.00029795470888106617,1.2224485130683418
3,odd_part,16385,32768,16384,134187691,0.0007984860548796536,-0.00017282394480285553,1.1969056288553523
3,odd_part,32769,65536,32768,536810837,0.00040481857857873314,-9.883653260719478e-05,1.1662294682383807
3,odd_part,65537,131072,65536,2147363499,0.00020608667335832368,-5.2586385488252106e-05,1.1550299443122112
4,liouville,1025,2048,1024,391424,0.0007459941137998692,-3.784873550934438e-05,1.1039634828626912
4,liouville,2049,4096,2048,1569280,0.00017205342577487765,-0.000110111233024566,1.0930413881249716
4,liouville,4097,8192,4096,6284288,0.00011552621394818315,-7.415755508009657e-05,1.1008210612174083
4,liouville,8193,16384,8192,25151488,0.00010416878715088348,2.5609970282183665e-05,1.09767612788803
4,liouville,16385,32768,16384,100634624,4.245059831494973e-05,4.542896533168207e-07,1.1087463963475142
4,liouville,32769,65536,32768,402595840,2.6999782213348256e-05,4.331441386554074e-06,1.1076492798483828
4,liouville,65537,131072,65536,1610498048,4.403606703409056e-06,-4.808521324059416e-06,1.1125942127747201
4,odd_part,1025,2048,1024,391424,0.011700866579463702,-0.0010405691786649193,1.3159312148278903
4,odd_part,2049,4096,2048,1569280,0.006228334013050571,-0.0009054575758877604,1.2761190354138023
4,odd_part,4097,8192,4096,6284288,0.0032178665268046275,-0.0007084802721432626,1.2326909801989123
4,odd_part,8193,16384,8192,25151488,0.0018201706396058952,-0.0002938282326206441,1.1885836727495867
4,odd_part,16385,32768,16384,100634624,0.0008966297722740038,-0.00020738439448190758,1.1500450689444666
4,odd_part,32769,65536,32768,402595840,0.00048589175685471563,-9.760954964177198e-05,1.1289939894959118
4,odd_part,65537,131072,65536,1610498048,0.00023063424414656602,-6.35782069187085e-05,1.1152220656178786
5,liouville,1025,2048,1024,312832,0.0006840732405891981,7.528381646316067e-05,1.0571466503014297
5,liouville,2049,4096,2048,1254809,0.00036419885416824393,5.129221624836846e-05,1.0744873656938077
5,liouville,4097,8192,4096,5026202,8.953082267684427e-05,-5.727839355346656e-05,1.0707273397528188
5,liouville,8193,16384,8192,20118733,5.3929837430617525e-05,-2.7338977094872722e-05,1.0644471328276013
5,liouville,16385,32768,16384,80502784,-2.6061210504223058e-05,-6.061532739395415e-05,1.0816732175135948
5,liouville,32769,65536,32768,322066841,1.642826682676097e-05,-4.05688164797546e-06,1.086534981461266
5,liouville,65537,131072,65536,1288378778,1.0790305023170755e-05,2.206813114717525e-06,1.088502684953925
5,odd_part,1025,2048,1024,312832,0.011923332651391162,-0.0016628094558180817,1.398613419144148
5,odd_part,2049,4096,2048,1254809,0.006830521617234177,-0.0009875050448320717,1.349287099203918
5,odd_part,4097,8192,4096,5026202,0.0037145343541704055,-0.0005892272720913188,1.3016855953911517
5,odd_part,8193,16384,8192,20118733,0.0019646863448110775,-0.00036962684694037175,1.2298588619404172
5,odd_part,16385,32768,16384,80502784,0.0009913445974737967,-0.00023082077555256283,1.1714870608313441
5,odd_part,32769,65536,32768,322066841,0.0005319423740365746,-0.00010992050212506241,1.1410050417544635
5,odd_part,65537,131072,65536,1288378778,0.000269177050974368,-6.132415430159925e-05,1.1158376181746084
6,liouville,1025,2048,1024,260437,0.0004415655225639982,-0.000559690910156362,1.0455679524925403
6,liouville,2049,4096,2048,1045163,0.0004640424507947564,8.667365298783821e-05,1.0722558079517306
6,liouville,4097,8192,4096,4187477,0.0002013145385634357,-2.892446563616847e-05,1.0778996975917892
6,liouville,8193,16384,8192,16763563,0.00021743587565483543,0.00011876143124696092,1.0643124522904617
6,liouville,16385,32768,16384,67081557,4.4170113702041826e-05,-7.77850364735e-06,1.0679257495792147
6,liouville,32769,65536,32768,268380843,2.2605935402028676e-05,-7.573503918875029e-06,1.0758000512413697
6,liouville,65537,131072,65536,1073632597,1.109318032377141e-06,-9.884907098454299e-06,1.0752950250758002
6,odd_part,1025,2048,1024,260437,0.01276700315239386,-0.0017689813120090184,1.2588501336376268
6,odd_part,2049,4096,2048,1045163,0.007479216160541466,-0.0008930876658060413,1.2523093161004422
6,odd_part,4097,8192,4096,4187477,0.003978290507625474,-0.0006874813662577007,1.210581012135263
6,odd_part,8193,16384,8192,16763563,0.002162249159083901,-0.0003650565481218635,1.161314907303401
6,odd_part,16385,32768,16384,67081557,0.0010552080656088527,-0.00026426189207296645,1.128086377346153
6,odd_part,32769,65536,32768,268380843,0.0005868637948946303,-0.00011913969537832396,1.1016570889546282
6,odd_part,65537,131072,65536,1073632597,0.00027848539699284114,-7.766544738454526e-05,1.0880680639984677
7,liouville,1025,2048,1024,223013,0.0007039948343818521,-6.749679326637853e-05,1.0493274414039702
7,liouville,2049,4096,2048,895414,0.00031047091066255386,-1.9915937321728238e-05,1.0664396200910493
7,liouville,4097,8192,4096,3588389,0.00017250080746541137,-3.129202502544974e-05,1.0810082863675654
7,liouville,8193,16384,8192,14367013,-9.25731743960975e-06,-9.233008552537632e-05,1.0467491891216545
7,liouville,16385,32768,16384,57494966,3.659450811745849e-05,-1.0689490693699688e-05,1.0543901366758488
7,liouville,32769,65536,32768,230033701,2.320964266014222e-05,1.8980099310782925e-06,1.058062607773733
7,liouville,65537,131072,65536,920242469,1.1295935962720713e-05,-2.5376268991190866e-07,1.0613525683686063
7,odd_part,1025,2048,1024,223013,0.014012636034670624,-0.0014121756788754213,1.3252657659107603
7,odd_part,2049,4096,2048,895414,0.007661260601241437,-0.0011743819850747773,1.3071281257743292
7,odd_part,4097,8192,4096,3588389,0.004257342222373327,-0.0007225106727311219,1.2834839036601033
7,odd_part,8193,16384,8192,14367013,0.0022841908753058133,-0.00040359349891814193,1.218448894244969
7,odd_part,16385,32768,16384,57494966,0.0011656324833725442,-0.0002633342915890161,1.1612041522894263
7,odd_part,32769,65536,32768,230033701,0.0005986557595749851,-0.0001499545809186999,1.1205384731453676
7,odd_part,65537,131072,65536,920242469,0.00031290774953356343,-7.382759121202538e-05,1.0974219497087858
8,liouville,1025,2048,1024,194944,0.0009438608010505581,0.00011864563797598045,1.0334882929709635
8,liouville,2049,4096,2048,783104,0.0004213999673095783,-5.429986026010981e-06,1.0515610895310026
8,liouville,4097,8192,4096,3139072,5.925318055782091e-05,-0.00013078265697966945,1.043196582229155
8,liouville,8193,16384,8192,12569600,8.751272912423625e-05,-2.003591443673031e-05,1.0473915283644202
8,liouville,16385,32768,16384,50305024,1.3199476855432969e-05,-3.236503299048675e-05,1.0502178793847023
8,liouville,32769,65536,32768,201273344,3.328806421579601e-05,4.5205621820391615e-06,1.0535916799167329
8,liouville,65537,131072,65536,805199872,6.291605570448973e-06,-4.592801411549335e-06,1.0531130764804597
8,odd_part,1025,2048,1024,194944,0.014547767564018385,-0.0013845757579717766,1.2160919038910964
8,odd_part,2049,4096,2048,783104,0.008578681758744688,-0.000833542092585375,1.187157699255513
8,odd_part,4097,8192,4096,3139072,0.004426148874571848,-0.0007948457221274821,1.1666312711623652
8,odd_part,8193,16384,8192,12569600,0.002394348268839104,-0.00046257656030735056,1.1325756568040692
8,odd_part,16385,32768,16384,50305024,0.0012603910098522167,-0.0002471052967744906,1.1018473669532676
8,odd_part,32769,65536,32768,201273344,0.0006671524272980729,-0.0001342561700080496,1.0803752512242277
8,odd_part,65537,131072,65536,805199872,0.0003333507733096113,-7.895141159353655e-05,1.0689589819495406
