n,d,pi,E_mod,L,PNT,ratio_mod,violation
1000,2001,152,141.198,147.417,144.837,1.076500,1
1001,2003,153,141.249,147.491,144.961,1.083190,1
1002,2005,138,141.371,147.638,145.085,0.976155,0
1003,2007,158,141.492,147.785,145.209,1.116667,1
1004,2009,153,141.614,147.932,145.332,1.080402,1
1005,2011,138,141.665,148.006,145.456,0.974130,0
1006,2013,150,141.786,148.153,145.580,1.057932,1
1007,2015,149,141.907,148.300,145.703,1.049981,1
1008,2017,141,141.958,148.374,145.827,0.993251,0
1009,2019,151,142.220,148.521,145.951,1.061733,1
1010,2021,150,142.342,148.668,146.074,1.053802,1
1011,2023,142,142.463,148.815,146.198,0.996750,0
1012,2025,153,142.584,148.962,146.322,1.073049,1
1013,2027,147,142.776,149.036,146.445,1.029582,1
1014,2029,148,142.827,149.110,146.569,1.036215,1
1015,2031,127,142.949,149.257,146.693,0.888430,0
1016,2033,158,143.070,149.404,146.816,1.104353,1
1017,2035,148,143.191,149.551,146.940,1.033582,1
1018,2037,144,143.313,149.697,147.063,1.004796,1
1019,2039,135,143.505,149.771,147.187,0.940737,0
1020,2041,155,143.626,149.918,147.310,1.079192,1
1021,2043,149,143.889,150.065,147.434,1.035523,1
1022,2045,143,144.010,150.212,147.557,0.992984,0
1023,2047,145,144.132,150.359,147.681,1.006022,1
1024,2049,149,144.254,150.506,147.804,1.032902,1
1025,2051,140,144.375,150.652,147.928,0.969694,0
1026,2053,148,144.427,150.726,148.051,1.024742,1
1027,2055,144,144.548,150.873,148.174,0.996208,0
1028,2057,149,144.669,151.020,148.298,1.029934,1
1029,2059,141,144.791,151.166,148.421,0.973818,0
1030,2061,134,144.912,151.313,148.545,0.924698,0
1031,2063,160,145.104,151.387,148.668,1.102656,1
1032,2065,144,145.226,151.533,148.791,0.991560,0
1033,2067,149,145.488,151.680,148.915,1.024137,1
1034,2069,154,145.540,151.754,149.038,1.058129,1
1035,2071,145,145.662,151.900,149.161,0.995458,0
1036,2073,154,145.783,152.047,149.284,1.056363,1
1037,2075,148,145.905,152.194,149.408,1.014360,1
1038,2077,147,146.026,152.340,149.531,1.006667,1
1039,2079,160,146.289,152.487,149.654,1.093725,1
1040,2081,149,146.341,152.560,149.777,1.018172,1
1041,2083,143,146.392,152.634,149.901,0.976829,0
1042,2085,152,146.514,152.780,150.024,1.037446,1
1043,2087,137,146.565,152.853,150.147,0.934739,0
1044,2089,159,146.616,152.927,150.270,1.084464,1
1045,2091,164,146.737,153.073,150.393,1.117642,1
1046,2093,155,146.859,153.220,150.516,1.055437,1
1047,2095,147,146.980,153.366,150.640,1.000137,1
1048,2097,150,147.101,153.512,150.763,1.019708,1
1049,2099,150,147.293,153.586,150.886,1.018381,1
2000,4001,267,260.039,270.362,263.192,1.026770,1
2001,4003,267,260.087,270.430,263.307,1.026578,1
2002,4005,265,260.201,270.565,263.421,1.018443,1
2003,4007,264,260.380,270.632,263.535,1.013903,1
2004,4009,257,260.494,270.767,263.649,0.986589,0
2005,4011,274,260.607,270.902,263.764,1.051391,1
2006,4013,264,260.656,270.970,263.878,1.012829,1
2007,4015,265,260.770,271.105,263.992,1.016223,1
2008,4017,275,260.883,271.240,264.106,1.054112,1
2009,4019,273,260.932,271.308,264.220,1.046251,1
2010,4021,273,260.980,271.375,264.335,1.046056,1
2011,4023,276,261.224,271.510,264.449,1.056565,1
2012,4025,261,261.337,271.645,264.563,0.998709,0
2013,4027,256,261.386,271.712,264.677,0.979395,0
2014,4029,265,261.499,271.847,264.791,1.013386,1
2015,4031,267,261.613,271.982,264.905,1.020592,1
2016,4033,256,261.726,272.117,265.020,0.978121,0
2017,4035,261,261.970,272.252,265.134,0.996298,0
2018,4037,277,262.083,272.387,265.248,1.056915,1
2019,4039,276,262.197,272.522,265.362,1.052643,1
2020,4041,255,262.311,272.657,265.476,0.972130,0
2021,4043,278,262.424,272.792,265.590,1.059353,1
2022,4045,259,262.538,272.927,265.704,0.986525,0
2023,4047,271,262.651,273.062,265.819,1.031786,1
2024,4049,264,262.700,273.129,265.933,1.004949,1
2025,4051,256,262.749,273.197,266.047,0.974316,0
2026,4053,275,262.862,273.332,266.161,1.046177,1
2027,4055,274,263.105,273.467,266.275,1.041408,1
2028,4057,258,263.154,273.534,266.389,0.980415,0
2029,4059,247,263.397,273.669,266.503,0.937747,0
2030,4061,266,263.511,273.804,266.617,1.009446,1
2031,4063,268,263.625,273.939,266.731,1.016597,1
2032,4065,249,263.738,274.073,266.845,0.944118,0
2033,4067,256,263.852,274.208,266.959,0.970242,0
2034,4069,268,263.965,274.343,267.073,1.015285,1
2035,4071,271,264.079,274.478,267.187,1.026209,1
2036,4073,262,264.127,274.545,267.301,0.991945,0
2037,4075,272,264.241,274.680,267.415,1.029364,1
2038,4077,277,264.354,274.815,267.529,1.047836,1
2039,4079,271,264.533,274.882,267.643,1.024447,1
2040,4081,289,264.646,275.017,267.757,1.092023,1
2041,4083,261,264.760,275.152,267.871,0.985799,0
2042,4085,258,264.873,275.287,267.985,0.974050,0
2043,4087,258,264.987,275.422,268.099,0.973633,0
2044,4089,275,265.100,275.556,268.213,1.037343,1
2045,4091,287,265.149,275.624,268.327,1.082410,1
2046,4093,275,265.198,275.691,268.441,1.036963,1
2047,4095,262,265.311,275.826,268.555,0.987521,0
2048,4097,265,265.424,275.961,268.669,0.998402,0
2049,4099,277,265.473,276.028,268.783,1.043422,1
5000,10001,613,588.053,608.908,587.107,1.042422,1
5001,10003,598,588.158,609.030,587.210,1.016734,1
5002,10005,569,588.262,609.151,587.314,0.967256,0
5003,10007,563,588.425,609.212,587.417,0.956791,0
5004,10009,577,588.471,609.273,587.521,0.980507,0
5005,10011,606,588.575,609.395,587.625,1.029605,1
5006,10013,592,588.679,609.517,587.728,1.005641,1
5007,10015,592,588.784,609.638,587.832,1.005462,1
5008,10017,601,588.888,609.760,587.935,1.020567,1
5009,10019,580,589.110,609.882,588.039,0.984536,0
5010,10021,607,589.214,610.004,588.143,1.030185,1
5011,10023,619,589.437,610.125,588.246,1.050155,1
5012,10025,574,589.541,610.247,588.350,0.973639,0
5013,10027,576,589.645,610.369,588.453,0.976858,0
5014,10029,568,589.750,610.491,588.557,0.963120,0
5015,10031,548,589.854,610.612,588.661,0.929043,0
5016,10033,604,589.959,610.734,588.764,1.023800,1
5017,10035,587,590.063,610.856,588.868,0.994809,0
5018,10037,601,590.109,610.917,588.971,1.018456,1
5019,10039,576,590.154,610.978,589.075,0.976016,0
5020,10041,570,590.259,611.099,589.179,0.965678,0
5021,10043,576,590.481,611.221,589.282,0.975476,0
5022,10045,581,590.585,611.343,589.386,0.983770,0
5023,10047,557,590.807,611.464,589.489,0.942778,0
5024,10049,580,590.912,611.586,589.593,0.981534,0
5025,10051,596,591.016,611.708,589.696,1.008433,1
5026,10053,591,591.121,611.830,589.800,0.999796,0
5027,10055,604,591.225,611.951,589.904,1.021608,1
5028,10057,578,591.330,612.073,590.007,0.977458,0
5029,10059,582,591.434,612.195,590.111,0.984049,0
5030,10061,599,591.480,612.256,590.214,1.012715,1
5031,10063,608,591.584,612.377,590.318,1.027749,1
5032,10065,586,591.688,612.499,590.421,0.990386,0
5033,10067,606,591.734,612.560,590.525,1.024109,1
5034,10069,573,591.780,612.621,590.629,0.968266,0
5035,10071,571,591.884,612.742,590.732,0.964716,0
5036,10073,570,591.988,612.864,590.836,0.962857,0
5037,10075,608,592.093,612.986,590.939,1.026866,1
5038,10077,605,592.197,613.107,591.043,1.021619,1
5039,10079,599,592.360,613.168,591.146,1.011209,1
5040,10081,578,592.465,613.290,591.250,0.975586,0
5041,10083,580,592.569,613.412,591.353,0.978789,0
5042,10085,582,592.673,613.533,591.457,0.981991,0
5043,10087,573,592.778,613.655,591.560,0.966636,0
5044,10089,612,592.882,613.777,591.664,1.032246,1
5045,10091,612,592.928,613.838,591.767,1.032166,1
5046,10093,610,592.973,613.898,591.871,1.028714,1
5047,10095,592,593.077,614.020,591.975,0.998183,0
5048,10097,583,593.182,614.142,592.078,0.982835,0
5049,10099,573,593.227,614.202,592.182,0.965903,0
10000,20001,1081,1097.396,1133.298,1085.790,0.985059,0
10001,20003,1093,1097.495,1133.411,1085.887,0.995904,0
10002,20005,1073,1097.593,1133.525,1085.984,0.977594,0
10003,20007,1089,1097.691,1133.638,1086.081,0.992082,0
10004,20009,1075,1097.790,1133.751,1086.178,0.979240,0
10005,20011,1103,1097.833,1133.808,1086.274,1.004706,1
10006,20013,1114,1097.931,1133.921,1086.371,1.014635,1
10007,20015,1084,1098.140,1134.035,1086.468,0.987124,0
10008,20017,1082,1098.238,1134.148,1086.565,0.985215,0
10009,20019,1118,1098.446,1134.261,1086.662,1.017802,1
10010,20021,1085,1098.489,1134.318,1086.758,0.987720,0
10011,20023,1095,1098.533,1134.374,1086.855,0.996784,0
10012,20025,1077,1098.631,1134.488,1086.952,0.980311,0
10013,20027,1089,1098.729,1134.601,1087.049,0.991145,0
10014,20029,1088,1098.773,1134.658,1087.145,0.990195,0
10015,20031,1080,1098.871,1134.771,1087.242,0.982827,0
10016,20033,1075,1098.970,1134.884,1087.339,0.978189,0
10017,20035,1071,1099.068,1134.998,1087.436,0.974462,0
10018,20037,1079,1099.166,1135.111,1087.532,0.981653,0
10019,20039,1080,1099.264,1135.224,1087.629,0.982475,0
10020,20041,1073,1099.363,1135.338,1087.726,0.976020,0
10021,20043,1075,1099.461,1135.451,1087.823,0.977752,0
10022,20045,1104,1099.559,1135.564,1087.920,1.004039,1
10023,20047,1088,1099.603,1135.621,1088.016,0.989448,0
10024,20049,1082,1099.701,1135.734,1088.113,0.983904,0
10025,20051,1102,1099.744,1135.791,1088.210,1.002051,1
10026,20053,1090,1099.843,1135.904,1088.307,0.991051,0
10027,20055,1087,1099.941,1136.017,1088.403,0.988235,0
10028,20057,1074,1100.039,1136.131,1088.500,0.976329,0
10029,20059,1058,1100.137,1136.244,1088.597,0.961698,0
10030,20061,1088,1100.236,1136.357,1088.694,0.988879,0
10031,20063,1089,1100.279,1136.414,1088.790,0.989749,0
10032,20065,1091,1100.377,1136.527,1088.887,0.991478,0
10033,20067,1060,1100.476,1136.640,1088.984,0.963220,0
10034,20069,1113,1100.574,1136.754,1089.081,1.011291,1
10035,20071,1065,1100.617,1136.810,1089.177,0.967639,0
10036,20073,1079,1100.715,1136.924,1089.274,0.980272,0
10037,20075,1119,1100.923,1137.037,1089.371,1.016420,1
10038,20077,1072,1101.022,1137.150,1089.468,0.973641,0
10039,20079,1044,1101.230,1137.263,1089.564,0.948031,0
10040,20081,1086,1101.328,1137.377,1089.661,0.986082,0
10041,20083,1080,1101.426,1137.490,1089.758,0.980547,0
10042,20085,1108,1101.524,1137.603,1089.855,1.005879,1
10043,20087,1084,1101.623,1137.717,1089.951,0.984003,0
10044,20089,1089,1101.666,1137.773,1090.048,0.988503,0
10045,20091,1128,1101.764,1137.886,1090.145,1.023812,1
10046,20093,1098,1101.863,1138.000,1090.242,0.996495,0
10047,20095,1091,1101.961,1138.113,1090.338,0.990053,0
10048,20097,1116,1102.059,1138.226,1090.435,1.012650,1
10049,20099,1084,1102.157,1138.340,1090.532,0.983526,0
20000,40001,2020,2055.146,2118.469,2019.541,0.982898,0
20001,40003,2028,2055.239,2118.575,2019.632,0.986746,0
20002,40005,1951,2055.332,2118.681,2019.723,0.949238,0
20003,40007,2055,2055.424,2118.787,2019.813,0.999793,0
20004,40009,2016,2055.466,2118.840,2019.904,0.980800,0
20005,40011,2017,2055.558,2118.945,2019.995,0.981242,0
20006,40013,2043,2055.600,2118.998,2020.086,0.993870,0
20007,40015,2000,2055.692,2119.104,2020.177,0.972908,0
20008,40017,2038,2055.785,2119.210,2020.267,0.991349,0
20009,40019,2037,2055.878,2119.316,2020.358,0.990818,0
20010,40021,2002,2055.971,2119.422,2020.449,0.973749,0
20011,40023,2044,2056.166,2119.528,2020.540,0.994083,0
20012,40025,1960,2056.259,2119.634,2020.630,0.953187,0
20013,40027,1984,2056.351,2119.740,2020.721,0.964816,0
20014,40029,1995,2056.444,2119.846,2020.812,0.970121,0
20015,40031,2047,2056.485,2119.899,2020.903,0.995388,0
20016,40033,2023,2056.578,2120.005,2020.993,0.983673,0
20017,40035,2045,2056.671,2120.111,2021.084,0.994325,0
20018,40037,2022,2056.712,2120.164,2021.175,0.983123,0
20019,40039,2038,2056.753,2120.216,2021.266,0.990882,0
20020,40041,2012,2056.846,2120.322,2021.357,0.978197,0
20021,40043,2046,2057.041,2120.428,2021.447,0.994632,0
20022,40045,2007,2057.134,2120.534,2021.538,0.975629,0
20023,40047,2054,2057.329,2120.640,2021.629,0.998382,0
20024,40049,1968,2057.422,2120.746,2021.720,0.956537,0
20025,40051,1998,2057.515,2120.852,2021.810,0.971074,0
20026,40053,1993,2057.608,2120.958,2021.901,0.968601,0
20027,40055,1990,2057.700,2121.064,2021.992,0.967099,0
20028,40057,2007,2057.793,2121.170,2022.083,0.975317,0
20029,40059,2000,2057.988,2121.276,2022.173,0.971823,0
20030,40061,1991,2058.081,2121.381,2022.264,0.967406,0
20031,40063,2003,2058.122,2121.434,2022.355,0.973217,0
20032,40065,2009,2058.215,2121.540,2022.446,0.976088,0
20033,40067,1996,2058.308,2121.646,2022.537,0.969729,0
20034,40069,2017,2058.400,2121.752,2022.627,0.979887,0
20035,40071,2046,2058.493,2121.858,2022.718,0.993931,0
20036,40073,2066,2058.586,2121.964,2022.809,1.003602,1
20037,40075,2034,2058.679,2122.070,2022.900,0.988012,0
20038,40077,2042,2058.771,2122.176,2022.990,0.991854,0
20039,40079,2053,2058.864,2122.282,2023.081,0.997152,0
20040,40081,2001,2058.957,2122.388,2023.172,0.971851,0
20041,40083,2066,2059.049,2122.493,2023.263,1.003376,1
20042,40085,2086,2059.142,2122.599,2023.353,1.013043,1
20043,40087,1986,2059.183,2122.652,2023.444,0.964460,0
20044,40089,1949,2059.276,2122.758,2023.535,0.946449,0
20045,40091,2064,2059.369,2122.864,2023.626,1.002249,1
20046,40093,2044,2059.410,2122.917,2023.716,0.992517,0
20047,40095,2015,2059.605,2123.023,2023.807,0.978343,0
20048,40097,2031,2059.698,2123.129,2023.898,0.986067,0
20049,40099,2024,2059.739,2123.182,2023.989,0.982649,0
50000,100001,4605,4741.840,4875.341,4621.213,0.971142,0
50001,100003,4623,4741.879,4875.389,4621.297,0.974930,0
50002,100005,4643,4741.966,4875.487,4621.381,0.979130,0
50003,100007,4559,4742.052,4875.584,4621.465,0.961398,0
50004,100009,4613,4742.138,4875.682,4621.549,0.972768,0
50005,100011,4549,4742.225,4875.779,4621.632,0.959254,0
50006,100013,4664,4742.311,4875.877,4621.716,0.983487,0
50007,100015,4644,4742.397,4875.974,4621.800,0.979252,0
50008,100017,4634,4742.484,4876.072,4621.884,0.977125,0
50009,100019,4601,4742.523,4876.121,4621.968,0.970159,0
50010,100021,4633,4742.609,4876.218,4622.052,0.976888,0
50011,100023,4633,4742.695,4876.316,4622.136,0.976871,0
50012,100025,4620,4742.781,4876.413,4622.220,0.974112,0
50013,100027,4558,4742.868,4876.511,4622.303,0.961022,0
50014,100029,4618,4742.954,4876.608,4622.387,0.973655,0
50015,100031,4619,4743.040,4876.706,4622.471,0.973848,0
50016,100033,4664,4743.127,4876.803,4622.555,0.983318,0
50017,100035,4655,4743.213,4876.901,4622.639,0.981402,0
50018,100037,4525,4743.299,4876.998,4622.723,0.953977,0
50019,100039,4604,4743.386,4877.096,4622.807,0.970615,0
50020,100041,4656,4743.472,4877.193,4622.891,0.981560,0
50021,100043,4582,4743.606,4877.242,4622.974,0.965932,0
50022,100045,4567,4743.692,4877.339,4623.058,0.962752,0
50023,100047,4660,4743.873,4877.437,4623.142,0.982320,0
50024,100049,4580,4743.912,4877.486,4623.226,0.965448,0
50025,100051,4600,4743.998,4877.583,4623.310,0.969646,0
50026,100053,4624,4744.085,4877.681,4623.394,0.974687,0
50027,100055,4550,4744.171,4877.778,4623.478,0.959072,0
50028,100057,4670,4744.210,4877.827,4623.562,0.984358,0
50029,100059,4640,4744.296,4877.924,4623.645,0.978017,0
50030,100061,4625,4744.383,4878.022,4623.729,0.974837,0
50031,100063,4612,4744.469,4878.119,4623.813,0.972079,0
50032,100065,4567,4744.555,4878.217,4623.897,0.962577,0
50033,100067,4631,4744.736,4878.314,4623.981,0.976029,0
50034,100069,4637,4744.775,4878.363,4624.065,0.977286,0
50035,100071,4570,4744.862,4878.461,4624.149,0.963147,0
50036,100073,4598,4744.948,4878.558,4624.233,0.969031,0
50037,100075,4638,4745.034,4878.656,4624.317,0.977443,0
50038,100077,4738,4745.120,4878.753,4624.400,0.998499,0
50039,100079,4559,4745.207,4878.851,4624.484,0.960759,0
50040,100081,4702,4745.293,4878.948,4624.568,0.990877,0
50041,100083,4641,4745.379,4879.046,4624.652,0.978004,0
50042,100085,4632,4745.466,4879.143,4624.736,0.976090,0
50043,100087,4668,4745.552,4879.241,4624.820,0.983658,0
50044,100089,4697,4745.638,4879.338,4624.904,0.989751,0
50045,100091,4569,4745.725,4879.436,4624.988,0.962761,0
50046,100093,4593,4745.811,4879.533,4625.071,0.967801,0
50047,100095,4630,4745.992,4879.631,4625.155,0.975560,0
50048,100097,4701,4746.078,4879.728,4625.239,0.990502,0
50049,100099,4620,4746.165,4879.826,4625.323,0.973418,0
100000,200001,8668,8961.299,9198.036,8685.933,0.967270,0
100001,200003,8670,8961.336,9198.082,8686.012,0.967490,0
100002,200005,8682,8961.419,9198.174,8686.092,0.968820,0
100003,200007,8678,8961.590,9198.266,8686.171,0.968355,0
100004,200009,8731,8961.627,9198.312,8686.250,0.974265,0
100005,200011,8634,8961.709,9198.404,8686.330,0.963432,0
100006,200013,8608,8961.792,9198.496,8686.409,0.960522,0
100007,200015,8727,8961.874,9198.588,8686.488,0.973792,0
100008,200017,8726,8961.911,9198.634,8686.568,0.973676,0
100009,200019,8695,8961.993,9198.726,8686.647,0.970208,0
100010,200021,8630,8962.075,9198.818,8686.726,0.962947,0
100011,200023,8668,8962.112,9198.864,8686.806,0.967183,0
100012,200025,8774,8962.194,9198.956,8686.885,0.979001,0
100013,200027,8639,8962.276,9199.048,8686.964,0.963929,0
100014,200029,8654,8962.313,9199.094,8687.043,0.965599,0
100015,200031,8649,8962.396,9199.186,8687.123,0.965032,0
100016,200033,8759,8962.433,9199.232,8687.202,0.977302,0
100017,200035,8704,8962.515,9199.324,8687.281,0.971156,0
100018,200037,8708,8962.597,9199.416,8687.361,0.971593,0
100019,200039,8658,8962.768,9199.508,8687.440,0.965996,0
100020,200041,8679,8962.806,9199.554,8687.519,0.968335,0
100021,200043,8741,8962.888,9199.646,8687.599,0.975244,0
100022,200045,8723,8962.970,9199.737,8687.678,0.973227,0
100023,200047,8682,8963.052,9199.829,8687.757,0.968643,0
100024,200049,8664,8963.134,9199.921,8687.837,0.966626,0
100025,200051,8670,8963.216,9200.013,8687.916,0.967287,0
100026,200053,8636,8963.298,9200.105,8687.995,0.963485,0
100027,200055,8633,8963.380,9200.197,8688.075,0.963141,0
100028,200057,8737,8963.462,9200.289,8688.154,0.974735,0
100029,200059,8613,8963.544,9200.381,8688.233,0.960892,0
100030,200061,8747,8963.626,9200.473,8688.312,0.975833,0
100031,200063,8733,8963.663,9200.519,8688.392,0.974267,0
100032,200065,8643,8963.745,9200.611,8688.471,0.964217,0
100033,200067,8757,8963.827,9200.703,8688.550,0.976926,0
100034,200069,8706,8963.910,9200.795,8688.630,0.971228,0
100035,200071,8765,8963.992,9200.887,8688.709,0.977801,0
100036,200073,8711,8964.074,9200.979,8688.788,0.971768,0
100037,200075,8802,8964.156,9201.071,8688.868,0.981911,0
100038,200077,8656,8964.238,9201.163,8688.947,0.965615,0
100039,200079,8685,8964.320,9201.255,8689.026,0.968841,0
100040,200081,8713,8964.402,9201.347,8689.106,0.971956,0
100041,200083,8758,8964.484,9201.439,8689.185,0.976966,0
100042,200085,8677,8964.566,9201.531,8689.264,0.967922,0
100043,200087,8772,8964.693,9201.577,8689.344,0.978505,0
100044,200089,8744,8964.775,9201.669,8689.423,0.975373,0
100045,200091,8695,8964.857,9201.761,8689.502,0.969898,0
100046,200093,8688,8964.939,9201.853,8689.581,0.969109,0
100047,200095,8660,8965.021,9201.945,8689.661,0.965977,0
100048,200097,8741,8965.103,9202.037,8689.740,0.975003,0
100049,200099,8670,8965.275,9202.129,8689.819,0.967065,0
200000,400001,16473,16984.137,17408.323,16385.328,0.969905,0
200001,400003,16400,16984.215,17408.410,16385.403,0.965602,0
200002,400005,16490,16984.293,17408.497,16385.478,0.970897,0
200003,400007,16428,16984.456,17408.584,16385.553,0.967237,0
200004,400009,16325,16984.492,17408.627,16385.629,0.961171,0
200005,400011,16359,16984.570,17408.714,16385.704,0.963168,0
200006,400013,16389,16984.648,17408.801,16385.779,0.964930,0
200007,400015,16407,16984.726,17408.888,16385.854,0.965986,0
200008,400017,16392,16984.805,17408.975,16385.929,0.965098,0
200009,400019,16345,16984.968,17409.062,16386.005,0.962322,0
200010,400021,16206,16985.046,17409.150,16386.080,0.954133,0
200011,400023,16406,16985.124,17409.237,16386.155,0.965904,0
200012,400025,16452,16985.202,17409.324,16386.230,0.968608,0
200013,400027,16352,16985.280,17409.411,16386.305,0.962716,0
200014,400029,16286,16985.358,17409.498,16386.381,0.958826,0
200015,400031,16296,16985.394,17409.541,16386.456,0.959413,0
200016,400033,16293,16985.430,17409.585,16386.531,0.959234,0
200017,400035,16401,16985.593,17409.672,16386.606,0.965583,0
200018,400037,16179,16985.671,17409.759,16386.682,0.952509,0
200019,400039,16322,16985.749,17409.846,16386.757,0.960923,0
500000,1000001,38250,39715.123,40638.251,38102.931,0.963109,0
500001,1000003,38126,39715.157,40638.291,38103.001,0.959986,0
500002,1000005,38112,39715.230,40638.373,38103.071,0.959632,0
500003,1000007,37918,39715.304,40638.454,38103.142,0.954745,0
500004,1000009,37973,39715.377,40638.535,38103.212,0.956128,0
500005,1000011,37911,39715.451,40638.617,38103.283,0.954566,0
500006,1000013,37930,39715.524,40638.698,38103.353,0.955042,0
500007,1000015,38270,39715.598,40638.779,38103.423,0.963601,0
500008,1000017,38131,39715.671,40638.860,38103.494,0.960100,0
500009,1000019,38250,39715.824,40638.942,38103.564,0.963092,0
500010,1000021,38139,39715.898,40639.023,38103.635,0.960296,0
500011,1000023,38097,39715.971,40639.104,38103.705,0.959236,0
500012,1000025,38053,39716.045,40639.185,38103.775,0.958127,0
500013,1000027,38164,39716.118,40639.267,38103.846,0.960920,0
500014,1000029,38198,39716.192,40639.348,38103.916,0.961774,0
500015,1000031,38149,39716.265,40639.429,38103.986,0.960538,0
500016,1000033,38117,39716.299,40639.470,38104.057,0.959732,0
500017,1000035,38071,39716.373,40639.551,38104.127,0.958572,0
500018,1000037,38061,39716.406,40639.592,38104.198,0.958319,0
500019,1000039,38212,39716.440,40639.633,38104.268,0.962120,0
1000000,2000001,72413,75717.262,77392.667,72382.450,0.956361,0
1000001,2000003,72116,75717.295,77392.705,72382.517,0.952438,0
1000002,2000005,72280,75717.365,77392.783,72382.584,0.954603,0
1000003,2000007,72374,75717.511,77392.860,72382.651,0.955842,0
1000004,2000009,72544,75717.582,77392.938,72382.718,0.958087,0
1000005,2000011,72168,75717.652,77393.015,72382.786,0.953120,0
1000006,2000013,72082,75717.722,77393.092,72382.853,0.951983,0
1000007,2000015,72338,75717.793,77393.170,72382.920,0.955363,0
1000008,2000017,72330,75717.863,77393.247,72382.987,0.955257,0
1000009,2000019,72419,75717.933,77393.325,72383.054,0.956431,0
1000010,2000021,72554,75718.004,77393.402,72383.121,0.958213,0
1000011,2000023,72269,75718.074,77393.479,72383.188,0.954448,0
1000012,2000025,72465,75718.144,77393.557,72383.256,0.957036,0
1000013,2000027,72339,75718.215,77393.634,72383.323,0.955371,0
1000014,2000029,72543,75718.247,77393.673,72383.390,0.958065,0
1000015,2000031,72617,75718.318,77393.750,72383.457,0.959041,0
1000016,2000033,72170,75718.388,77393.828,72383.524,0.953137,0
1000017,2000035,72313,75718.458,77393.905,72383.591,0.955025,0
1000018,2000037,72026,75718.529,77393.982,72383.658,0.951233,0
1000019,2000039,72667,75718.561,77394.021,72383.726,0.959699,0
2000000,4000001,137436,144686.230,147731.674,137848.761,0.949890,0
2000001,4000003,137998,144686.298,147731.748,137848.826,0.953774,0
2000002,4000005,137975,144686.365,147731.822,137848.890,0.953614,0
2000003,4000007,137936,144686.505,147731.896,137848.954,0.953344,0
2000004,4000009,138044,144686.573,147731.970,137849.018,0.954090,0
5000000,10000001,324226,341575.709,348337.780,324150.224,0.949207,0
5000001,10000003,324279,341575.773,348337.850,324150.285,0.949362,0
5000002,10000005,324568,341575.837,348337.919,324150.345,0.950208,0
5000003,10000007,324404,341575.901,348337.989,324150.406,0.949727,0
5000004,10000009,324300,341575.965,348338.059,324150.466,0.949423,0
10000000,20000001,620979,655512.721,667947.661,620420.719,0.947318,0
10000001,20000003,620087,655512.750,667947.695,620420.778,0.945957,0
10000002,20000005,620324,655512.811,667947.762,620420.836,0.946319,0
10000003,20000007,620807,655512.873,667947.828,620420.894,0.947055,0
10000004,20000009,620482,655512.934,667947.895,620420.952,0.946560,0
20000000,40000001,1189461,1260091.053,1283000.803,1189680.067,0.943948,0
50000000,100000001,2820982,2996298.758,3047972.192,2820471.349,0.941489,0
100000000,200000001,5429044,5778945.939,5874887.567,5428681.051,0.939452,0
200000000,400000001,10463137,11160014.367,11338590.965,10463628.808,0.937556,0
500000000,1000000001,24963819,26685652.489,27093154.897,24962408.315,0.935477,0
1000000000,2000000001,48254877,51669842.306,52432599.825,48254942.458,0.933908,0
